Host,Status,SSL,Port,C2 Server,Https Cert,GET uri,POST uri,User Agent,Watermark
188.225.85.203,Found,True,443,188.225.85.203,,/en_US/all.js,/submit.php,Mozilla/4.0 (compatible; MSIE 8.0; Windows NT 5.1; Trident/4.0; BTRS125526),0
185.246.130.120,Found,True,443,185.246.130.120,amazon.com,/s/ref=nb_sb_noss_1/167-3294888-0262949/field-keywords=books,/N4215/adj/amzn.us.sr.aps,Mozilla/5.0 (Windows NT 6.1; WOW64; Trident/7.0; rv:11.0) like Gecko,1884567894
108.61.247.237,Found,True,443,108.61.247.237,eye-watch.in,/design/img/list.jpg,/design/img/List.jpg,"Mozilla/5.0 (Macintosh; U; Intel Mac OS X 10_6_8; en-us) AppleWebKit/534.50 (KHTML, like Gecko) Version/5.1 Safari/534.50",305419896
64.69.57.207,Found,True,443,64.69.57.207,cdcwarning.com,/homes/for_sale/atlanta/,/homes/for_sale/Atlanta/,"Mozilla/5.0 (Windows NT 10.0; Win64; x64) AppleWebKit/537.36 (KHTML, like Gecko) Chrome/60.0.3112.113 Safari/537.36",525889753
64.69.57.207,Found,True,443,64.69.57.207,cdcwarning.com,/homes/for_sale/atlanta/,/homes/for_sale/Atlanta/,"Mozilla/5.0 (Windows NT 10.0; Win64; x64) AppleWebKit/537.36 (KHTML, like Gecko) Chrome/60.0.3112.113 Safari/537.36",525889753
3.131.83.189,Found,True,443,3.131.83.189,,/en-us/silentauth,/collect/v1,Mozilla/5.0 (Windows NT 10.0; WOW64; Trident/7.0; rv:11.0) like Gecko,109314987
142.93.98.6,Found,True,443,winmaps.me,winmaps.me,/s/ref=nb_sb_noss_1/167-3294888-0262949/field-keywords=books,/N4215/adj/amzn.us.sr.aps,Mozilla/5.0 (Windows NT 6.1; WOW64; Trident/7.0; rv:11.0) like Gecko,305419896
23.106.160.111,Found,True,443,mixres.com,mixres.com,/us/ky/louisville/312-s-fourth-st.html,/OrderEntryService.asmx/AddOrderLine,"Mozilla/5.0 (Windows NT 6.1) AppleWebKit/537.36 (KHTML, like Gecko)",0
204.16.247.189,Found,True,443,foxreps.com,fangulf.com,/us/ky/louisville/312-s-fourth-st.html,/OrderEntryService.asmx/AddOrderLine,"Mozilla/5.0 (Windows NT 6.1) AppleWebKit/537.36 (KHTML, like Gecko)",0
204.16.247.235,Found,True,443,avetool.com,avetool.com,/us/ky/louisville/312-s-fourth-st.html,/OrderEntryService.asmx/AddOrderLine,"Mozilla/5.0 (Windows NT 6.1) AppleWebKit/537.36 (KHTML, like Gecko)",0
104.149.168.199,Found,True,443,104.149.168.199,,/g.pixel,/submit.php,Mozilla/4.0 (compatible; MSIE 7.0; Windows NT 5.1; Trident/4.0),0
3.131.83.189,Found,True,443,3.131.83.189,,/en-us/silentauth,/collect/v1,Mozilla/5.0 (Windows NT 10.0; WOW64; Trident/7.0; rv:11.0) like Gecko,109314987
173.234.25.76,Found,True,443,162.223.31.160,,/pixel.gif,/submit.php,Mozilla/4.0 (compatible; MSIE 7.0; Windows NT 6.0),0
3.17.176.47,Found,True,443,scripts.sidewalkpizzanyc.com,,/visit.js,/submit.php,Mozilla/4.0 (compatible; MSIE 7.0; Windows NT 6.0; Trident/4.0),1548680553
45.76.177.3,Found,True,443,45.76.177.3,,/push,/submit.php,Mozilla/4.0 (compatible; MSIE 8.0; Windows NT 5.1; Trident/4.0; .NET4.0C; .NET4.0E),0
192.184.35.222,Found,True,443,exrap.com,exrap.com,/us/ky/louisville/312-s-fourth-st.html,/OrderEntryService.asmx/AddOrderLine,"Mozilla/5.0 (Windows NT 6.1) AppleWebKit/537.36 (KHTML, like Gecko)",0
95.179.239.225,Found,True,443,95.179.239.225,,/IE9CompatViewList.xml,/submit.php,Mozilla/5.0 (compatible; MSIE 9.0; Windows NT 6.1; Win64; x64; Trident/5.0; MALC),1873433027
194.36.191.118,Found,True,443,194.36.191.118,,/visit.js,/submit.php,Mozilla/4.0 (compatible; MSIE 8.0; Windows NT 5.1; Trident/4.0; InfoPath.2; .NET CLR 2.0.50727),305419896
155.138.245.98,Found,True,443,155.138.245.98,,/updates.rss,/submit.php,Mozilla/5.0 (compatible; MSIE 9.0; Windows NT 6.1; WOW64; Trident/5.0; NP09; NP09; MAAU),631181113
3.22.101.152,Found,True,443,d6qg530ok85uj.cloudfront.net,go.autoupdate.co,/safebrowsing/fp/X5dYOhqFrKn95vdkmSCHODPEuY9,/safebrowsing/fp/Xtsuqd9wDd34nVxGbIiRlzzODKYweAye7kEob,"Mozilla/5.0 (Macintosh; Intel Mac OS X 10_10_5) AppleWebKit/537.36 (KHTML, like Gecko) Chrome/65.0.3325.181 Safari/537.36",793967405
63.142.243.214,Found,True,443,63.142.243.214,,/push,/submit.php,Mozilla/5.0 (compatible; MSIE 9.0; Windows NT 6.1; WOW64; Trident/5.0; BOIE9;ENUS),305419896
3.130.123.198,Found,True,443,3.130.123.198,,/j.ad,/submit.php,Mozilla/5.0 (compatible; MSIE 9.0; Windows NT 6.1; Trident/5.0; BOIE9;ENXA),1993444900
52.215.223.104,Found,True,443,cdn.vigfinancialllc.com,cdn.vigfinancialllc.com,/s/ref=nb_sb_noss_1/510-44224579-7109799/field-keywords=problem,/N4670/adj/amzn.us.sr.aps,Mozilla/5.0 (compatible; MSIE 9.0; Windows NT 6.1; WOW64; Trident/6.0),1549778826
52.28.253.50,Found,True,443,rijkzijn.nl,systest.nl,/vlk/grants,/vlk/xmlrpc/v2,Mozilla/5.0 (Windows NT 6.1; WOW64; Trident/7.0; rv:11.0) like Gecko,1748429673
144.217.207.21,Found,True,443,52.188.209.63,,/cm,/submit.php,Mozilla/5.0 (compatible; MSIE 9.0; Windows NT 6.1; Trident/5.0; FunWebProducts; IE0006_ver1;EN_GB),555758901
108.61.95.124,Found,True,443,mail.igov-service.net,mail.igov-service.net,/index.e943403db0.js,/api/offers,"Mozilla/5.0 (Windows NT 6.1;) AppleWebKit/537.36 (KHTML, like Gecko) Chrome/85.0.4183.102 Safari/537.36",305419896
172.98.192.91,Found,True,443,172.98.192.91,,/s/ref=nb_sb_noss_1/167-3294888-0262949/field-keywords=books,/N4215/adj/amzn.us.sr.aps,Mozilla/5.0 (Windows NT 6.1; WOW64; Trident/7.0; rv:11.0) like Gecko,0
45.58.117.98,Found,True,443,domways.com,domways.com,/us/ky/louisville/312-s-fourth-st.html,/OrderEntryService.asmx/AddOrderLine,"Mozilla/5.0 (Windows NT 6.1) AppleWebKit/537.36 (KHTML, like Gecko)",0
13.211.255.53,Found,True,443,ec2-13-211-255-53.ap-southeast-2.compute.amazonaws.com,,/oscp/,/oscp/a/,Microsoft-CryptoAPI/6.1,105224470
27.102.115.108,Found,True,443,27.102.115.108,CN,/updates,/windebug/updcheck.php,Mozilla/5.0 (Windows NT 6.1; rv:24.0) Gecko/20100101 Firefox/24.0,305419896
23.19.227.54,Found,True,443,urlbig.com,urlbig.com,/us/ky/louisville/312-s-fourth-st.html,/OrderEntryService.asmx/AddOrderLine,"Mozilla/5.0 (Windows NT 6.1) AppleWebKit/537.36 (KHTML, like Gecko)",1580103814
96.44.166.179,Found,True,443,topmgr.com,topmgr.com,/us/ky/louisville/312-s-fourth-st.html,/OrderEntryService.asmx/AddOrderLine,"Mozilla/5.0 (Windows NT 6.1) AppleWebKit/537.36 (KHTML, like Gecko)",0
18.141.185.134,Found,True,443,18.141.185.134,,/push,/submit.php,Mozilla/4.0 (compatible; MSIE 8.0; Windows NT 5.1; Trident/4.0; InfoPath.2; .NET4.0C),0
167.99.197.196,Found,True,443,myredirector1.live,myteamserver.live,/c/msdownload/update/others/2020/10/29136388_,/c/msdownload/update/others/2020/10/28986731_,Mozilla/4.0 (compatible; MSIE 8.0; Windows NT 5.1; Trident/4.0),1556462172
45.11.19.217,Found,True,443,mapizzamates.com,,/en_US/all.js,/submit.php,Mozilla/5.0 (compatible; MSIE 10.0; Windows NT 6.2; Win64; x64; Trident/6.0; MATMJS),1580103814
23.106.160.2,Found,True,443,bitsse.com,bitsse.com,/us/ky/louisville/312-s-fourth-st.html,/OrderEntryService.asmx/AddOrderLine,"Mozilla/5.0 (Windows NT 6.1) AppleWebKit/537.36 (KHTML, like Gecko)",0
168.119.0.88,Found,True,443,168.119.0.88,,/g.pixel,/submit.php,Mozilla/5.0 (compatible; MSIE 9.0; Windows NT 6.1; Trident/5.0; BOIE9;ENUSMSCOM),0
185.82.202.123,Found,True,443,185.82.202.123,,/j.ad,/submit.php,Mozilla/4.0 (compatible; MSIE 8.0; Windows NT 5.1; Trident/4.0; QQDownload 733; InfoPath.2),305419896
13.76.216.122,Found,True,443,13.76.216.122,,/cx,/submit.php,Mozilla/5.0 (compatible; MSIE 9.0; Windows NT 6.1; WOW64; Trident/5.0; MASB),305419896
104.243.45.15,Found,True,443,mixres.com,mixres.com,/us/ky/louisville/312-s-fourth-st.html,/OrderEntryService.asmx/AddOrderLine,"Mozilla/5.0 (Windows NT 6.1) AppleWebKit/537.36 (KHTML, like Gecko)",0
206.189.223.152,Found,True,443,206.189.223.152,,/push,/submit.php,Mozilla/4.0 (compatible; MSIE 8.0; Windows NT 5.1; Trident/4.0; SV1),1782199611
176.10.118.152,Found,True,443,176.10.118.152,youtude.ru,/watch,/ptracking,"Mozilla/5.0 (Windows NT 6.1) AppleWebKit/537.36 (KHTML, like Gecko)",188795730
31.44.184.174,Found,True,443,31.44.184.174,,/ptj,/submit.php,Mozilla/5.0 (compatible; MSIE 9.0; Windows NT 6.1; Trident/5.0),0
45.11.19.217,Found,True,443,mapizzamates.com,,/en_US/all.js,/submit.php,Mozilla/5.0 (compatible; MSIE 10.0; Windows NT 6.2; Win64; x64; Trident/6.0; MATMJS),1580103814
23.106.124.136,Found,True,443,blog.chat5l88.com,Eset Internet Security,/image/,/history/,Mozilla/5.0 (compatible; MSIE 8.0; Windows NT 6.1; Trident/5.0),0
18.223.155.112,Found,True,443,18.223.155.112,,/match,/submit.php,Mozilla/5.0 (compatible; MSIE 10.0; Windows NT 6.2; WOW64; Trident/6.0; MATBJS),684433648
18.223.155.112,Found,True,443,18.223.155.112,,/match,/submit.php,Mozilla/5.0 (compatible; MSIE 10.0; Windows NT 6.2; WOW64; Trident/6.0; MATBJS),684433648
185.193.36.73,Found,True,443,185.193.36.73,,/load,/submit.php,Mozilla/4.0 (compatible; MSIE 8.0; Windows NT 5.1; Trident/4.0; .NET4.0C; .NET4.0E),0
192.184.35.222,Found,True,443,exrap.com,exrap.com,/us/ky/louisville/312-s-fourth-st.html,/OrderEntryService.asmx/AddOrderLine,"Mozilla/5.0 (Windows NT 6.1) AppleWebKit/537.36 (KHTML, like Gecko)",0
64.187.239.138,Found,True,443,ballom.com,ballom.com,/us/ky/louisville/312-s-fourth-st.html,/OrderEntryService.asmx/AddOrderLine,"Mozilla/5.0 (Windows NT 6.1) AppleWebKit/537.36 (KHTML, like Gecko)",0
185.161.208.234,Found,True,443,fc.cyber1ink.com,fc.cyber1ink.com,/include/template/isx.php,/modules/mod_search.php,Mozilla/5.0 (Windows NT 6.1; WOW64; Trident/7.0; rv:11.0) like Gecko,305419896
35.193.193.149,Found,True,443,35.193.193.149,,/dot.gif,/submit.php,Mozilla/5.0 (compatible; MSIE 9.0; Windows NT 6.1; Win64; x64; Trident/5.0; MAAU; NP08),1161198950
31.187.64.199,Found,True,443,d30qpb9e10re4o.cloudfront.net,10.0.0.2l4.xyz,/gen_204eiT6EX_r4F3fqwHI9boDg,/_/VisualFrontendUi/data/batchexecute,Mozilla/5.0 (Macintosh; Intel Mac OS X 15.0;) Gecko/20100101 Firefox/637.0,0
161.35.51.98,Found,True,443,mscrl.microsoft.com,throwaway-site.xyz,/feed/Video/c/dynamic/,/main/urgent/w/06/,Mozilla/4.0 (compatible; MSIE 7.0; Windows NT 5.1; .NET CLR 2.0.50727),331214648
23.106.160.198,Found,True,443,repshd.com,repshd.com,/us/ky/louisville/312-s-fourth-st.html,/OrderEntryService.asmx/AddOrderLine,"Mozilla/5.0 (Windows NT 6.1) AppleWebKit/537.36 (KHTML, like Gecko)",0
34.71.149.172,Found,True,443,www.bankrate.com,asdf.inno-finance.com,/s/ref=nb_sb_noss_1/167-3294888-0262949/field-keywords=books,/N4215/adj/amzn.us.sr.aps,Mozilla/5.0 (Windows NT 6.1; WOW64; Trident/7.0; rv:11.0) like Gecko,248899726
108.61.200.55,Found,True,443,108.61.200.55,,/__utm.gif,/submit.php,Mozilla/5.0 (compatible; MSIE 9.0; Windows NT 6.1; Win64; x64; Trident/5.0; MANM; MANM),305419896
35.174.172.215,Found,True,443,icollegetutor.live,icollegetutor.live,/preload,/user,"Mozilla/5.0 (Windows NT 10.0; Win64; x64) AppleWebKit/537.36 (KHTML, like Gecko) Chrome/58.0.3029.110 Safari/537.36",318005844
23.19.227.114,Found,True,443,travelletmeet.com,,/ga.js,/submit.php,Mozilla/5.0 (compatible; MSIE 9.0; Windows NT 6.1; WOW64; Trident/5.0; BOIE9;ENUS),1580103814
31.44.184.73,Found,True,443,31.44.184.73,,/dot.gif,/submit.php,Mozilla/4.0 (compatible; MSIE 7.0; Windows NT 6.0),0
108.61.200.55,Found,True,443,108.61.200.55,,/__utm.gif,/submit.php,Mozilla/5.0 (compatible; MSIE 9.0; Windows NT 6.1; Win64; x64; Trident/5.0; MANM; MANM),305419896
185.82.126.47,Found,True,443,185.82.126.47,,/pixel,/submit.php,Mozilla/5.0 (compatible; MSIE 9.0; Windows NT 6.1; WOW64; Trident/5.0; MASB),305419896
193.29.56.172,Found,True,443,192.243.102.171,jsquery.com,/jsquery-3.3.1.min.js,/jsquery-3.3.2.min.js,"Mozilla/5.0 (Windows NT 10.0; Win64; x64) AppleWebKit/537.36 (KHTML, like Gecko) Chrome/42.0.2311.135 Safari/537.36 Edge/12.246",123423511
23.81.246.46,Found,True,443,contmetric.com,contmetric.com,/s/ref=nb_sb_noss_1/167-3294888-0262949/field-keywords=books,/N4215/adj/amzn.us.sr.aps,Mozilla/5.0 (Windows NT 6.1; WOW64; Trident/7.0; rv:11.0) like Gecko,0
204.16.247.41,Found,True,443,syscx.com,,/dot.gif,/submit.php,Mozilla/5.0 (compatible; MSIE 10.0; Windows NT 6.2; Win64; x64; Trident/6.0; ASU2JS),0
18.141.185.134,Found,True,443,18.141.185.134,,/push,/submit.php,Mozilla/4.0 (compatible; MSIE 8.0; Windows NT 5.1; Trident/4.0; InfoPath.2; .NET4.0C),0
193.34.166.124,Found,True,443,ntservicespack.com,,/load,/submit.php,Mozilla/5.0 (compatible; MSIE 10.0; Windows NT 6.2; Win64; x64; Trident/6.0),305419896
77.123.155.74,Found,True,443,77.123.155.74,,/owa/,/OWA/,"Mozilla/5.0 (Windows NT 6.1) AppleWebKit/537.36 (KHTML, like Gecko)",305419896
144.217.207.21,Found,True,443,52.188.209.63,,/cm,/submit.php,Mozilla/5.0 (compatible; MSIE 9.0; Windows NT 6.1; Trident/5.0; FunWebProducts; IE0006_ver1;EN_GB),555758901
23.108.57.27,Found,True,443,104.243.46.74,,/IE9CompatViewList.xml,/submit.php,Mozilla/5.0 (compatible; MSIE 9.0; Windows NT 6.0; WOW64; Trident/5.0),0
89.38.225.140,Found,True,443,news.networkslaoupdate.com,,/s/ref=nb_sb_noss_1/167-3294888-0262949/field-keywords=books,/N4215/adj/amzn.us.sr.aps,Mozilla/5.0 (Windows NT 6.1; WOW64; Trident/7.0; rv:11.0) like Gecko,0
91.229.23.63,Found,True,443,146.0.72.91,,/j.ad,/submit.php,Mozilla/4.0 (compatible; MSIE 5.0; Windows NT; DigExt; DTS Agent,0
69.1.55.195,Found,True,443,24.35.34.132,gcp.securityopscenter.org,/access/,/radio/xmlrpc/v35,Mozilla/5.0 (Windows NT 6.1; Win64; x64; rv:5.0) Gecko/20100101 Firefox/5.0,649944377
23.108.57.27,Found,True,443,104.243.46.74,,/IE9CompatViewList.xml,/submit.php,Mozilla/5.0 (compatible; MSIE 9.0; Windows NT 6.0; WOW64; Trident/5.0),0
212.95.150.10,Found,True,443,1.1.1.1,,/fwlink,/submit.php,Mozilla/5.0 (compatible; MSIE 9.0; Windows NT 6.1; WOW64; Trident/5.0; MASP),305419896
74.118.138.25,Found,True,443,domways.com,domways.com,/us/ky/louisville/312-s-fourth-st.html,/OrderEntryService.asmx/AddOrderLine,"Mozilla/5.0 (Windows NT 6.1) AppleWebKit/537.36 (KHTML, like Gecko)",0
34.222.203.112,Found,True,443,creditnetfinance.com,creditnetfinance.com,/rs-apps/assets/images/portfolio,/next-api/graphql,Mozilla/5.0 (Windows NT 6.1; WOW64; Trident/7.0; rv:11.0) like Gecko,958113880
104.237.4.40,Found,True,443,104.237.4.40,,/fwlink,/submit.php,Mozilla/4.0 (compatible; MSIE 7.0; Windows NT 5.1; Trident/4.0),0
104.194.11.160,Found,True,443,avetool.com,avetool.com,/us/ky/louisville/312-s-fourth-st.html,/OrderEntryService.asmx/AddOrderLine,"Mozilla/5.0 (Windows NT 6.1) AppleWebKit/537.36 (KHTML, like Gecko)",0
163.172.39.102,Found,True,443,163.172.39.102,,/index.jsp,/submit.jsp,"Mozilla/5.0 (Windows NT 6.1; Win64; x64) AppleWebKit/537.36 (KHTML, like Gecko) Chrome/83.0.4103.61 Safari/537.36",305419896
45.76.176.156,Found,True,443,www.pccw.monster,CloudFlare Origin Certificate,/__utm.gif,/___utm.gif,Mozilla/5.0 (compatible; MSIE 9.0; Windows NT 6.1; WOW64; Trident/5.0; NP06),16777216
3.133.160.202,Found,True,443,scripts.completelyinnocuousdomain.com,,/updates.rss,/submit.php,Mozilla/4.0 (compatible; MSIE 8.0; Windows NT 5.1; Trident/4.0; InfoPath.2; .NET4.0C; .NET4.0E),1548680553
116.93.124.137,Found,True,443,mail.igov-service.net,mail.igov-service.net,/index.e943403db0.js,/api/offers,"Mozilla/5.0 (Windows NT 6.1;) AppleWebKit/537.36 (KHTML, like Gecko) Chrome/85.0.4183.102 Safari/537.36",305419896
108.166.207.133,Found,True,443,108.166.207.133,,/pixel.gif,/submit.php,Mozilla/5.0 (compatible; MSIE 10.0; Windows NT 6.1; WOW64; Trident/6.0),305419896
3.137.217.140,Found,True,443,3.137.217.140,,/dot.gif,/submit.php,Mozilla/5.0 (compatible; MSIE 9.0; Windows NT 6.0; Trident/5.0; BOIE9;ENUSMSNIP),321620935
104.238.205.44,Found,True,443,syscx.com,,/dot.gif,/submit.php,Mozilla/5.0 (compatible; MSIE 10.0; Windows NT 6.2; Win64; x64; Trident/6.0; ASU2JS),0
23.106.160.161,Found,True,443,clubuz.com,clubuz.com,/us/ky/louisville/312-s-fourth-st.html,/OrderEntryService.asmx/AddOrderLine,"Mozilla/5.0 (Windows NT 6.1) AppleWebKit/537.36 (KHTML, like Gecko)",0
172.241.27.214,Found,True,443,repshd.com,repshd.com,/us/ky/louisville/312-s-fourth-st.html,/OrderEntryService.asmx/AddOrderLine,"Mozilla/5.0 (Windows NT 6.1) AppleWebKit/537.36 (KHTML, like Gecko)",0
45.91.227.247,Found,True,443,www.shywtgdt65wtat12.com,,/s/ref=nb_sb_noss_1/167-3294888-0262949/field-keywords=books,/N4215/adj/amzn.us.sr.aps,Mozilla/5.0 (Windows NT 6.1; WOW64; Trident/7.0; rv:11.0) like Gecko,8848
23.108.57.27,Found,True,443,104.243.46.74,,/IE9CompatViewList.xml,/submit.php,Mozilla/5.0 (compatible; MSIE 9.0; Windows NT 6.0; WOW64; Trident/5.0),0
108.166.207.133,Found,True,443,108.166.207.133,,/pixel.gif,/submit.php,Mozilla/5.0 (compatible; MSIE 10.0; Windows NT 6.1; WOW64; Trident/6.0),305419896
185.14.30.217,Found,True,443,185.14.30.217,,/s/ref=nb_sb_noss_1/167-3294888-0262949/field-keywords=books,/N4215/adj/amzn.us.sr.aps,Mozilla/5.0 (Windows NT 6.1; WOW64; Trident/7.0; rv:11.0) like Gecko,0
165.227.199.214,Found,True,443,165.227.199.214,blackrato.ga,/jscroll/board/list.jpg,/design/img/List.jpg,Mozilla/5.0 (Windows NT 6.1; Win64; x64; rv:47.0) Gecko/20100101 Firefox/47.0,16777216
87.251.70.12,Found,True,443,supercombinating.com,,/cx,/submit.php,Mozilla/5.0 (compatible; MSIE 9.0; Windows NT 6.1; WOW64; Trident/5.0; BOIE9;ENUSSEM),0
104.238.205.63,Found,True,443,dealeva.com,dealeva.com,/CWoNaJLBo/VTNeWw11212/,/CWoNaJLBo/VTNeWw11213/,Mozilla/4.0 (compatible; MSIE 6.0;Windows NT 5.1),0
192.51.188.133,Found,True,443,10.100.74.21,mail.live.com,/preload,/about,Mozilla/5.0 (Windows; U; Windows NT 6.0; en-US; rv:1.9.2.3) Gecko/20100401 Firefox/3.6.3 GTB6 (.NET CLR 3.5.30729),0
45.128.156.102,Found,True,443,mixdir.com,mixdir.com,/us/ky/louisville/312-s-fourth-st.html,/OrderEntryService.asmx/AddOrderLine,"Mozilla/5.0 (Windows NT 6.1) AppleWebKit/537.36 (KHTML, like Gecko)",0
98.142.143.100,Found,True,443,d3kgm44zuz83i3.cloudfront.net,woaini.goaddaddy.com,/access/,/radio/xmlrpc/v35,"Mozilla/5.0 (Windows NT 6.3; WOW64) AppleWebKit/537.36 (KHTML, like Gecko) Chrome/40.0.2214.115 Safari/537.36",305419896
199.127.60.67,Found,True,443,zipflag.com,zipflag.com,/us/ky/louisville/312-s-fourth-st.html,/OrderEntryService.asmx/AddOrderLine,"Mozilla/5.0 (Windows NT 6.1) AppleWebKit/537.36 (KHTML, like Gecko)",0
109.201.142.110,Found,True,443,forteupdate.com,,/match,/submit.php,Mozilla/5.0 (compatible; MSIE 10.0; Windows NT 6.2; Trident/6.0),555758901
144.217.207.21,Found,True,443,52.188.209.63,,/cm,/submit.php,Mozilla/5.0 (compatible; MSIE 9.0; Windows NT 6.1; Trident/5.0; FunWebProducts; IE0006_ver1;EN_GB),555758901
206.221.179.202,Found,True,443,geotry.com,mdeny.com,/us/ky/louisville/312-s-fourth-st.html,/OrderEntryService.asmx/AddOrderLine,"Mozilla/5.0 (Windows NT 6.1) AppleWebKit/537.36 (KHTML, like Gecko)",0
35.176.207.20,Found,True,443,35.176.207.20,www.windowsupdate.com,/c/msdownload/update/others/2016/12/29136388_,/c/msdownload/update/others/2016/12/3215234_,Windows-Update-Agent/10.0.10011.16384 Client-Protocol/1.40,405324862
45.153.184.167,Found,True,443,45.153.184.167,,/__utm.gif,/___utm.gif,Mozilla/5.0 (compatible; MSIE 9.0; Windows NT 6.1; WOW64; Trident/5.0; BOIE9;ENGB),0
142.93.152.156,Found,True,443,onrnicrosoft.com,jquery.com,/thisisnotevil.gif,/send,"Mozilla/5.0 (Windows NT 10.0; Win64; x64) AppleWebKit/537.36 (KHTML, like Gecko) Chrome/81.0.4044.138 Safari/537.36",1524766813
64.227.24.12,Found,True,443,64.227.24.12,,/wp08/wp-includes/dtcla.php,/includes/phpmailer/class.pop3.php,Mozilla/5.0 (Windows; U; MSIE 7.0; Windows NT 5.2) Java/1.5.0_08,0
3.250.193.216,Found,True,443,ehrclient-canary.teams.microsoft.com,pepe.com,/s/ref=nb_sb_noss_1/698-71218292-1534620/field-keywords=point,/N5819/adj/amzn.us.sr.aps,"Mozilla/5.0 (compatible, MSIE 11, Windows NT 6.3; Trident/7.0; rv:11.0) like Gecko",623771681
45.128.156.106,Found,True,443,wavetips.com,wavetips.com,/us/ky/louisville/312-s-fourth-st.html,/OrderEntryService.asmx/AddOrderLine,"Mozilla/5.0 (Windows NT 6.1) AppleWebKit/537.36 (KHTML, like Gecko)",0
173.234.25.75,Found,True,443,162.223.31.160,,/pixel.gif,/submit.php,Mozilla/4.0 (compatible; MSIE 7.0; Windows NT 6.0),0
185.246.130.120,Found,True,443,185.246.130.120,amazon.com,/s/ref=nb_sb_noss_1/167-3294888-0262949/field-keywords=books,/N4215/adj/amzn.us.sr.aps,Mozilla/5.0 (Windows NT 6.1; WOW64; Trident/7.0; rv:11.0) like Gecko,1884567894
104.211.27.49,Found,True,443,ttpre.eastus.cloudapp.azure.com,ttpre.eastus.cloudapp.azure.com,/dot.gif,/submit.php,Mozilla/4.0 (compatible; MSIE 7.0; Windows NT 5.1),1586380418
163.172.39.102,Found,True,443,163.172.39.102,,/index.jsp,/submit.jsp,"Mozilla/5.0 (Windows NT 6.1; Win64; x64) AppleWebKit/537.36 (KHTML, like Gecko) Chrome/83.0.4103.61 Safari/537.36",305419896
44.231.58.231,Found,True,443,dist.nuget.org,,/cgi-bin/certstore/,/pem/office.microsoft.com/,"Mozilla/5.0 (Windows NT 6.1; Win64; x64) AppleWebKit/537.36 (KHTML, like Gecko) Chrome/65.0.3325.146 Safari/537.36",1005885979
172.245.153.150,Found,True,443,172.245.153.150,,/pixel,/submit.php,Mozilla/4.0 (compatible; MSIE 8.0; Windows NT 6.1; Trident/4.0),305419896
139.180.198.152,Found,True,443,139.180.198.152,22281334@qq.com,/updates,/windowsxp/updcheck.php,Mozilla/5.0 (Windows NT 10.0; Win64; x64) Gecko/20200118 Firefox/26.0,0
64.187.238.202,Found,True,443,64.187.238.202,,/dpixel,/submit.php,Mozilla/5.0 (compatible; MSIE 9.0; Windows NT 6.1; Trident/5.0; ; NCLIENT50_AAPCDA5841E333),0
15.188.88.72,Found,True,443,tmestoragetest.azureedge.net,*.tmestoragetest.site,/obj_,/upload,"Mozilla/5.0 (Windows NT 10.0; Win64; x64) AppleWebKit/537.36 (KHTML, like Gecko) Chrome/79.0.3945.130 Safari/537.36",1180042857
35.241.143.134,Found,True,443,control.commanderinthe.cloud,,/search/,/Search/,"Mozilla/5.0 (compatible, MSIE 11, Windows NT 6.3; Trident/7.0; rv:11.0) like Gecko",1277797054
149.28.204.170,Found,True,443,us-system89.com,us-system89.com,/s/ref=nb_sb_noss_1/167-3294888-0262949/field-keywords=books,/N4215/adj/amzn.us.sr.aps,Mozilla/5.0 (Windows NT 6.1; WOW64; Trident/7.0; rv:11.0) like Gecko,276072048
193.34.166.169,Found,True,443,ntwindowsupdate.com,,/ca,/submit.php,Mozilla/5.0 (compatible; MSIE 9.0; Windows NT 6.1; Trident/5.0; BOIE9;ENAU),305419896
23.106.160.198,Found,True,443,repshd.com,repshd.com,/us/ky/louisville/312-s-fourth-st.html,/OrderEntryService.asmx/AddOrderLine,"Mozilla/5.0 (Windows NT 6.1) AppleWebKit/537.36 (KHTML, like Gecko)",0
204.16.247.41,Found,True,443,syscx.com,,/dot.gif,/submit.php,Mozilla/5.0 (compatible; MSIE 10.0; Windows NT 6.2; Win64; x64; Trident/6.0; ASU2JS),0
149.129.53.162,Found,True,443,sit.watchdog3.com,CC,/updates,/aircanada/dark.php,Mozilla/5.0 (Windows NT 6.1; rv:24.0) Gecko/20100101 Firefox/24.0,0
35.224.238.142,Found,True,443,valvestrailer696.roman-indigo.com,valvestrailer696.roman-indigo.com,/s/ref=nb_sb_noss_1/167-3294888-0262949/field-keywords=books,/N4215/adj/amzn.us.sr.aps,Mozilla/5.0 (Windows NT 6.1; WOW64; Trident/7.0; rv:11.0) like Gecko,1475333777
172.82.148.202,Found,True,443,resnote.com,resnote.com,/us/ky/louisville/312-s-fourth-st.html,/OrderEntryService.asmx/AddOrderLine,"Mozilla/5.0 (Windows NT 6.1) AppleWebKit/537.36 (KHTML, like Gecko)",0
104.131.210.108,Found,True,443,mobilecdnprod.azureedge.net,,/__utm.gif,/submit.php,Mozilla/5.0 (compatible; MSIE 9.0; Windows NT 6.1; WOW64; Trident/5.0),1596750723
163.172.39.102,Found,True,443,163.172.39.102,,/index.jsp,/submit.jsp,"Mozilla/5.0 (Windows NT 6.1; Win64; x64) AppleWebKit/537.36 (KHTML, like Gecko) Chrome/83.0.4103.61 Safari/537.36",305419896
204.16.247.30,Found,True,443,ballom.com,ballom.com,/us/ky/louisville/312-s-fourth-st.html,/OrderEntryService.asmx/AddOrderLine,"Mozilla/5.0 (Windows NT 6.1) AppleWebKit/537.36 (KHTML, like Gecko)",0
204.16.247.89,Found,True,443,204.16.247.89,,/g.pixel,/submit.php,Mozilla/5.0 (compatible; MSIE 9.0; Windows Phone OS 7.5; Trident/5.0; IEMobile/9.0; LG; LG-E906),0
172.105.118.92,Found,True,443,game.soultravel.online,,/g.pixel,/submit.php,Mozilla/5.0 (compatible; MSIE 9.0; Windows NT 6.1; Win64; x64; Trident/5.0; NP06),1873433027
31.187.64.199,Found,True,443,d30qpb9e10re4o.cloudfront.net,10.0.0.2l4.xyz,/gen_204eiT6EX_r4F3fqwHI9boDg,/_/VisualFrontendUi/data/batchexecute,Mozilla/5.0 (Macintosh; Intel Mac OS X 15.0;) Gecko/20100101 Firefox/637.0,0
172.241.27.214,Found,True,443,repshd.com,repshd.com,/us/ky/louisville/312-s-fourth-st.html,/OrderEntryService.asmx/AddOrderLine,"Mozilla/5.0 (Windows NT 6.1) AppleWebKit/537.36 (KHTML, like Gecko)",0
54.214.197.200,Found,True,443,pnwcontent-delivery.com,,/updates.rss,/submit.php,Mozilla/4.0 (compatible; MSIE 7.0; Windows NT 5.1; Trident/4.0),775423106
188.34.142.201,Found,True,443,188.34.142.201,,/updates.rss,/submit.php,Mozilla/5.0 (compatible; MSIE 9.0; Windows NT 6.1; WOW64; Trident/5.0; MASB),16777216
167.179.66.246,Found,True,443,a93.xyz,,/IE9CompatViewList.xml,/submit.php,Mozilla/4.0 (compatible; MSIE 8.0; Windows NT 6.1; WOW64; Trident/4.0; SLCC2; .NET CLR 2.0.50727),305419896
139.180.198.152,Found,True,443,139.180.198.152,22281334@qq.com,/updates,/windowsxp/updcheck.php,Mozilla/5.0 (Windows NT 10.0; Win64; x64) Gecko/20200118 Firefox/26.0,0
172.82.179.170,Found,True,443,foxreps.com,fangulf.com,/us/ky/louisville/312-s-fourth-st.html,/OrderEntryService.asmx/AddOrderLine,"Mozilla/5.0 (Windows NT 6.1) AppleWebKit/537.36 (KHTML, like Gecko)",0
103.143.208.3,Found,True,443,103.143.208.3,,/fwlink,/submit.php,Mozilla/4.0 (compatible; MSIE 7.0; Windows NT 5.1; Trident/4.0; .NET CLR 2.0.50727; 360space),1873433027
45.128.156.102,Found,True,443,mixdir.com,mixdir.com,/us/ky/louisville/312-s-fourth-st.html,/OrderEntryService.asmx/AddOrderLine,"Mozilla/5.0 (Windows NT 6.1) AppleWebKit/537.36 (KHTML, like Gecko)",0
23.106.160.86,Found,True,443,23.106.160.86,raills.com,/us/ky/louisville/312-s-fourth-st.html,/OrderEntryService.asmx/AddOrderLine,"Mozilla/5.0 (Windows NT 6.1) AppleWebKit/537.36 (KHTML, like Gecko)",0
23.106.223.151,Found,True,443,foxreps.com,fangulf.com,/us/ky/louisville/312-s-fourth-st.html,/OrderEntryService.asmx/AddOrderLine,"Mozilla/5.0 (Windows NT 6.1) AppleWebKit/537.36 (KHTML, like Gecko)",0
198.44.97.180,Found,True,443,198.44.97.180,,/push,/submit.php,Mozilla/5.0 (compatible; MSIE 9.0; Windows NT 6.1; WOW64; Trident/5.0; BOIE9;ENGB),305419896
23.106.160.2,Found,True,443,bitsse.com,bitsse.com,/us/ky/louisville/312-s-fourth-st.html,/OrderEntryService.asmx/AddOrderLine,"Mozilla/5.0 (Windows NT 6.1) AppleWebKit/537.36 (KHTML, like Gecko)",0
54.212.69.111,Found,True,443,7kf3xlsx24.execute-api.us-east-1.amazonaws.com,www.changehealthcareservices.com,/api/fetch,/api/telemetry,Mozilla/5.0 (Windows NT 6.1; WOW64; Trident/7.0; rv:11.0) like Gecko,631717438
95.217.197.67,Found,True,443,oomdatacollect.global.ssl.fastly.net,,/pixel.gif,/submit.php,Mozilla/4.0 (compatible; MSIE 7.0; Windows NT 5.1),0
104.238.205.44,Found,True,443,syscx.com,,/dot.gif,/submit.php,Mozilla/5.0 (compatible; MSIE 10.0; Windows NT 6.2; Win64; x64; Trident/6.0; ASU2JS),0
45.58.116.242,Found,True,443,withfix.com,withfix.com,/us/ky/louisville/312-s-fourth-st.html,/OrderEntryService.asmx/AddOrderLine,"Mozilla/5.0 (Windows NT 6.1) AppleWebKit/537.36 (KHTML, like Gecko)",0
185.14.30.217,Found,True,443,185.14.30.217,,/s/ref=nb_sb_noss_1/167-3294888-0262949/field-keywords=books,/N4215/adj/amzn.us.sr.aps,Mozilla/5.0 (Windows NT 6.1; WOW64; Trident/7.0; rv:11.0) like Gecko,0
185.193.36.73,Found,True,443,185.193.36.73,,/load,/submit.php,Mozilla/4.0 (compatible; MSIE 8.0; Windows NT 5.1; Trident/4.0; .NET4.0C; .NET4.0E),0
95.179.247.174,Found,True,443,testginwebsite.tk,testginwebsite.tk,/s/ref=nb_sb_noss_1/167-3294888-0262949/field-keywords=books,/N4215/adj/amzn.us.sr.aps,Mozilla/5.0 (Windows NT 6.1; WOW64; Trident/7.0; rv:11.0) like Gecko,0
5.196.114.192,Found,True,443,amazoning.sytes.net,,/dpixel,/submit.php,Mozilla/5.0 (compatible; MSIE 10.0; Windows NT 6.2; Win64; x64; Trident/6.0; ASU2JS),0
88.218.92.19,Found,True,443,ec2-18-221-92-41.us-east-2.compute.amazonaws.com,,/s/ref=nb_sb_noss_1/167-3294888-0262949/field-keywords=books,/N4215/adj/amzn.us.sr.aps,Mozilla/5.0 (Windows NT 6.1; WOW64; Trident/7.0; rv:11.0) like Gecko,0
23.106.223.151,Found,True,443,foxreps.com,fangulf.com,/us/ky/louisville/312-s-fourth-st.html,/OrderEntryService.asmx/AddOrderLine,"Mozilla/5.0 (Windows NT 6.1) AppleWebKit/537.36 (KHTML, like Gecko)",0
206.189.223.152,Found,True,443,206.189.223.152,,/push,/submit.php,Mozilla/4.0 (compatible; MSIE 8.0; Windows NT 5.1; Trident/4.0; SV1),1782199611
193.168.147.249,Found,True,443,mesteratosr.me,,/api,/lowpacket/mt.php,Mozilla/5.0 (Windows NT 10.0; Win64; x64; rv:74.0) Gecko/20100101 Firefox/74.0,305419896
144.217.207.19,Found,True,443,144.217.207.19,,/g.pixel,/submit.php,Mozilla/5.0 (compatible; MSIE 9.0; Windows NT 6.1; Trident/5.0; BOIE9;ENUSMSCOM),305419896
51.178.83.41,Found,True,443,top.jimwilkens.com,top.jimwilkens.com,/s/ref=nb_sb_noss_1/167-3294888-0262949/field-keywords=books,/N4215/adj/amzn.us.sr.aps,Mozilla/5.0 (Windows NT 6.1; WOW64; Trident/7.0; rv:11.0) like Gecko,3
23.106.160.161,Found,True,443,clubuz.com,clubuz.com,/us/ky/louisville/312-s-fourth-st.html,/OrderEntryService.asmx/AddOrderLine,"Mozilla/5.0 (Windows NT 6.1) AppleWebKit/537.36 (KHTML, like Gecko)",0
100.24.56.227,Found,True,443,100.24.56.227,,/bing,/search,Mozilla/5.0 (compatible; MSIE 10.0; Windows NT 6.2; Win64; x64; Trident/6.0; MDDCJS),836116121
5.196.114.192,Found,True,443,amazoning.sytes.net,,/dpixel,/submit.php,Mozilla/5.0 (compatible; MSIE 10.0; Windows NT 6.2; Win64; x64; Trident/6.0; ASU2JS),0
104.238.205.63,Found,True,443,dealeva.com,dealeva.com,/CWoNaJLBo/VTNeWw11212/,/CWoNaJLBo/VTNeWw11213/,Mozilla/4.0 (compatible; MSIE 6.0;Windows NT 5.1),0
198.13.55.13,Found,True,443,198.13.55.13,,/ga.js,/submit.php,Mozilla/5.0 (compatible; MSIE 9.0; Windows NT 6.1; WOW64; Trident/5.0; FunWebProducts),305419896
185.162.235.111,Found,True,443,185.162.235.111,,/cm,/submit.php,Mozilla/5.0 (compatible; MSIE 10.0; Windows NT 6.2; WOW64; Trident/6.0; BOIE9;ENUS),305419896
145.249.107.130,Found,True,443,145.249.107.130,,/IE9CompatViewList.xml,/submit.php,Mozilla/5.0 (compatible; MSIE 9.0; Windows NT 6.1; Trident/5.0; LEN2),0
23.106.215.40,Found,True,443,cuphq.com,,/visit.js,/submit.php,Mozilla/5.0 (compatible; MSIE 10.0; Windows NT 6.2; Win64; x64; Trident/6.0; Avant Browser),0
204.16.247.41,Found,True,443,syscx.com,,/dot.gif,/submit.php,Mozilla/5.0 (compatible; MSIE 10.0; Windows NT 6.2; Win64; x64; Trident/6.0; ASU2JS),0
104.238.205.63,Found,True,443,dealeva.com,dealeva.com,/CWoNaJLBo/VTNeWw11212/,/CWoNaJLBo/VTNeWw11213/,Mozilla/4.0 (compatible; MSIE 6.0;Windows NT 5.1),0
108.177.235.22,Found,True,443,108.177.235.22,,/fwlink,/submit.php,Mozilla/5.0 (compatible; MSIE 9.0; Windows NT 6.1; Trident/5.0),0
104.211.27.49,Found,True,443,ttpre.eastus.cloudapp.azure.com,ttpre.eastus.cloudapp.azure.com,/dot.gif,/submit.php,Mozilla/4.0 (compatible; MSIE 7.0; Windows NT 5.1),1586380418
185.246.130.120,Found,True,443,185.246.130.120,amazon.com,/s/ref=nb_sb_noss_1/167-3294888-0262949/field-keywords=books,/N4215/adj/amzn.us.sr.aps,Mozilla/5.0 (Windows NT 6.1; WOW64; Trident/7.0; rv:11.0) like Gecko,1884567894
52.59.168.192,Found,True,443,rijkzijn.nl,systest.nl,/vlk/grants,/vlk/xmlrpc/v2,Mozilla/5.0 (Windows NT 6.1; WOW64; Trident/7.0; rv:11.0) like Gecko,1748429673
104.238.205.44,Found,True,443,syscx.com,,/dot.gif,/submit.php,Mozilla/5.0 (compatible; MSIE 10.0; Windows NT 6.2; Win64; x64; Trident/6.0; ASU2JS),0
173.234.25.78,Found,True,443,162.223.31.160,,/pixel.gif,/submit.php,Mozilla/4.0 (compatible; MSIE 7.0; Windows NT 6.0),0
65.207.115.215,Found,True,443,213.236.64.41,mail.live.com,/preload,/sa,Mozilla/5.0 (Windows NT 6.1; WOW64; Trident/7.0; rv:11.0) like Gecko,26658758
172.82.179.170,Found,True,443,foxreps.com,fangulf.com,/us/ky/louisville/312-s-fourth-st.html,/OrderEntryService.asmx/AddOrderLine,"Mozilla/5.0 (Windows NT 6.1) AppleWebKit/537.36 (KHTML, like Gecko)",0
23.106.124.136,Found,True,443,blog.chat5l88.com,Eset Internet Security,/image/,/history/,Mozilla/5.0 (compatible; MSIE 8.0; Windows NT 6.1; Trident/5.0),0
185.162.235.61,Found,True,443,185.162.235.61,,/ca,/submit.php,Mozilla/4.0 (compatible; MSIE 8.0; Windows NT 5.1; Trident/4.0; LBBROWSER),16777216
173.234.25.76,Found,True,443,162.223.31.160,,/pixel.gif,/submit.php,Mozilla/4.0 (compatible; MSIE 7.0; Windows NT 6.0),0
193.34.166.124,Found,True,443,ntservicespack.com,,/load,/submit.php,Mozilla/5.0 (compatible; MSIE 10.0; Windows NT 6.2; Win64; x64; Trident/6.0),305419896
31.187.64.231,Found,True,443,d30qpb9e10re4o.cloudfront.net,10.0.0.2l4.xyz,/gen_204eiT6EX_r4F3fqwHI9boDg,/_/VisualFrontendUi/data/batchexecute,Mozilla/5.0 (Macintosh; Intel Mac OS X 15.0;) Gecko/20100101 Firefox/637.0,0
144.217.207.19,Found,True,443,144.217.207.19,,/g.pixel,/submit.php,Mozilla/5.0 (compatible; MSIE 9.0; Windows NT 6.1; Trident/5.0; BOIE9;ENUSMSCOM),305419896
107.173.42.131,Found,True,443,172.67.142.39,(gg),/jquery-3.3.1.min.js,/jquery-3.3.2.min.js,"Mozilla/5.0 (Windows NT 10.0; Win64; x64) AppleWebKit/537.36 (KHTML, like Gecko) Chrome/88.0.4315.4 Safari/537.36",0
92.42.14.133,Found,True,443,92.42.14.133,,/activity,/submit.php,Mozilla/5.0 (compatible; MSIE 9.0; Windows NT 6.1; Trident/5.0; BOIE9;ENUS),305419896
134.209.5.246,Found,True,443,134.209.5.246,,/visit.js,/submit.php,Mozilla/4.0 (compatible; MSIE 7.0; Windows NT 5.1; Trident/4.0),1584151116
20.36.203.162,Found,True,443,20.36.203.162,,/fwlink,/submit.php,Mozilla/5.0 (compatible; MSIE 10.0; Windows NT 6.2; WOW64; Trident/6.0; Touch),1305001539
45.76.78.72,Found,True,443,xx1.utopis.best,misc,/wp/wp-includes/dtcla.php,/wp/content_search.php,"Mozilla/5.0 (Windows NT 6.4; WOW64) AppleWebKit/537.36 (KHTML, like Gecko) Chrome/41.0.2225.0 Safari/537.36",1359593325
23.81.246.46,Found,True,443,contmetric.com,contmetric.com,/s/ref=nb_sb_noss_1/167-3294888-0262949/field-keywords=books,/N4215/adj/amzn.us.sr.aps,Mozilla/5.0 (Windows NT 6.1; WOW64; Trident/7.0; rv:11.0) like Gecko,0
104.238.205.44,Found,True,443,syscx.com,,/dot.gif,/submit.php,Mozilla/5.0 (compatible; MSIE 10.0; Windows NT 6.2; Win64; x64; Trident/6.0; ASU2JS),0
193.34.166.207,Found,True,443,timesyncad.com,,/updates.rss,/submit.php,Mozilla/4.0 (compatible; MSIE 8.0; Windows NT 5.1; Trident/4.0),305419896
206.166.251.75,Found,True,443,206.166.251.75,,/__utm.gif,/submit.php,Mozilla/5.0 (compatible; MSIE 10.0; Windows NT 6.2; WOW64; Trident/6.0; Touch; ASU2JS),6
63.142.243.214,Found,True,443,63.142.243.214,,/push,/submit.php,Mozilla/5.0 (compatible; MSIE 9.0; Windows NT 6.1; WOW64; Trident/5.0; BOIE9;ENUS),305419896
64.187.238.202,Found,True,443,64.187.238.202,,/dpixel,/submit.php,Mozilla/5.0 (compatible; MSIE 9.0; Windows NT 6.1; Trident/5.0; ; NCLIENT50_AAPCDA5841E333),0
141.98.80.152,Found,True,443,141.98.80.152,,/dot.gif,/submit.php,Mozilla/5.0 (compatible; MSIE 9.0; Windows NT 6.1; Trident/5.0),0
23.106.160.86,Found,True,443,23.106.160.86,raills.com,/us/ky/louisville/312-s-fourth-st.html,/OrderEntryService.asmx/AddOrderLine,"Mozilla/5.0 (Windows NT 6.1) AppleWebKit/537.36 (KHTML, like Gecko)",0
144.217.207.21,Found,True,443,52.188.209.63,,/cm,/submit.php,Mozilla/5.0 (compatible; MSIE 9.0; Windows NT 6.1; Trident/5.0; FunWebProducts; IE0006_ver1;EN_GB),555758901
176.121.14.251,Found,True,443,176.121.14.251,,/updates.rss,/submit.php,Mozilla/4.0 (compatible; MSIE 7.0; Windows NT 5.1; Trident/4.0; .NET CLR 2.0.50727; 360space),0
185.162.235.35,Found,True,443,185.162.235.35,,/fwlink,/submit.php,Mozilla/5.0 (compatible; MSIE 10.0; Windows NT 6.2; Win64; x64; Trident/6.0),16777216
176.121.14.229,Found,True,443,176.121.14.229,,/match,/submit.php,Mozilla/4.0 (compatible; MSIE 8.0; Windows NT 6.0),0
193.34.166.124,Found,True,443,ntservicespack.com,,/load,/submit.php,Mozilla/5.0 (compatible; MSIE 10.0; Windows NT 6.2; Win64; x64; Trident/6.0),305419896
97.64.41.151,Found,True,443,97.64.41.151,,/load,/submit.php,Mozilla/5.0 (compatible; MSIE 9.0; Windows NT 6.1; Win64; x64; Trident/5.0),1
77.123.155.74,Found,True,443,77.123.155.74,,/owa/,/OWA/,"Mozilla/5.0 (Windows NT 6.1) AppleWebKit/537.36 (KHTML, like Gecko)",305419896
142.202.205.57,Found,True,443,142.202.205.57,,/updates.rss,/submit.php,Mozilla/5.0 (compatible; MSIE 9.0; Windows NT 6.1; Trident/5.0; MALC),305419896
54.197.151.253,Found,True,443,54.197.151.253,dhsalert.com,/homes/for_sale/atlanta/,/homes/for_sale/Atlanta/,"Mozilla/5.0 (Windows NT 10.0; Win64; x64) AppleWebKit/537.36 (KHTML, like Gecko) Chrome/60.0.3112.113 Safari/537.36",2124548443
108.61.200.55,Found,True,443,108.61.200.55,,/__utm.gif,/submit.php,Mozilla/5.0 (compatible; MSIE 9.0; Windows NT 6.1; Win64; x64; Trident/5.0; MANM; MANM),305419896
91.229.23.63,Found,True,443,146.0.72.91,,/j.ad,/submit.php,Mozilla/4.0 (compatible; MSIE 5.0; Windows NT; DigExt; DTS Agent,0
108.177.235.22,Found,True,443,108.177.235.22,,/fwlink,/submit.php,Mozilla/5.0 (compatible; MSIE 9.0; Windows NT 6.1; Trident/5.0),0
27.102.115.108,Found,True,443,27.102.115.108,CN,/updates,/windebug/updcheck.php,Mozilla/5.0 (Windows NT 6.1; rv:24.0) Gecko/20100101 Firefox/24.0,305419896
204.16.247.89,Found,True,443,204.16.247.89,,/g.pixel,/submit.php,Mozilla/5.0 (compatible; MSIE 9.0; Windows Phone OS 7.5; Trident/5.0; IEMobile/9.0; LG; LG-E906),0
54.197.151.253,Found,True,443,54.197.151.253,dhsalert.com,/homes/for_sale/atlanta/,/homes/for_sale/Atlanta/,"Mozilla/5.0 (Windows NT 10.0; Win64; x64) AppleWebKit/537.36 (KHTML, like Gecko) Chrome/60.0.3112.113 Safari/537.36",2124548443
3.22.101.152,Found,True,443,d6qg530ok85uj.cloudfront.net,go.autoupdate.co,/safebrowsing/fp/X5dYOhqFrKn95vdkmSCHODPEuY9,/safebrowsing/fp/Xtsuqd9wDd34nVxGbIiRlzzODKYweAye7kEob,"Mozilla/5.0 (Macintosh; Intel Mac OS X 10_10_5) AppleWebKit/537.36 (KHTML, like Gecko) Chrome/65.0.3325.181 Safari/537.36",793967405
194.36.191.118,Found,True,443,194.36.191.118,,/visit.js,/submit.php,Mozilla/4.0 (compatible; MSIE 8.0; Windows NT 5.1; Trident/4.0; InfoPath.2; .NET CLR 2.0.50727),305419896
185.227.82.66,Found,True,443,185.227.82.66,,/__utm.gif,/submit.php,Mozilla/5.0 (compatible; MSIE 9.0; Windows NT 6.1; WOW64; Trident/5.0),305419896
204.16.247.41,Found,True,443,syscx.com,,/dot.gif,/submit.php,Mozilla/5.0 (compatible; MSIE 10.0; Windows NT 6.2; Win64; x64; Trident/6.0; ASU2JS),0
23.106.160.161,Found,True,443,clubuz.com,clubuz.com,/us/ky/louisville/312-s-fourth-st.html,/OrderEntryService.asmx/AddOrderLine,"Mozilla/5.0 (Windows NT 6.1) AppleWebKit/537.36 (KHTML, like Gecko)",0
23.106.160.2,Found,True,443,bitsse.com,bitsse.com,/us/ky/louisville/312-s-fourth-st.html,/OrderEntryService.asmx/AddOrderLine,"Mozilla/5.0 (Windows NT 6.1) AppleWebKit/537.36 (KHTML, like Gecko)",0
139.162.76.207,Found,True,443,banweb.cityu.dev,Google LLC,/core/wp-includes/pol.php,/modules/mod_search.php,Mozilla/6.0 (Windows; U; MSIE 7.0; Windows NT 6.0) Java/1.5.0_08,1873433027
172.98.192.94,Found,True,443,172.98.192.94,,/g.pixel,/submit.php,Mozilla/5.0 (compatible; MSIE 9.0; Windows NT 6.1; Trident/5.0; BOIE9;ENAU),0
23.106.160.2,Found,True,443,bitsse.com,bitsse.com,/us/ky/louisville/312-s-fourth-st.html,/OrderEntryService.asmx/AddOrderLine,"Mozilla/5.0 (Windows NT 6.1) AppleWebKit/537.36 (KHTML, like Gecko)",0
95.217.197.67,Found,True,443,oomdatacollect.global.ssl.fastly.net,,/pixel.gif,/submit.php,Mozilla/4.0 (compatible; MSIE 7.0; Windows NT 5.1),0
108.62.118.209,Found,True,443,simvp.com,simvp.com,/us/ky/louisville/312-s-fourth-st.html,/OrderEntryService.asmx/AddOrderLine,"Mozilla/5.0 (Windows NT 6.1) AppleWebKit/537.36 (KHTML, like Gecko)",0
104.194.8.114,Found,True,443,23.106.160.86,raills.com,/us/ky/louisville/312-s-fourth-st.html,/OrderEntryService.asmx/AddOrderLine,"Mozilla/5.0 (Windows NT 6.1) AppleWebKit/537.36 (KHTML, like Gecko)",0
193.29.56.172,Found,True,443,192.243.102.171,jsquery.com,/jsquery-3.3.1.min.js,/jsquery-3.3.2.min.js,"Mozilla/5.0 (Windows NT 10.0; Win64; x64) AppleWebKit/537.36 (KHTML, like Gecko) Chrome/42.0.2311.135 Safari/537.36 Edge/12.246",123423511
149.28.20.245,Found,True,443,149.28.20.245,www.bing.com,/search/,/Search/,"Mozilla/5.0 (compatible, MSIE 11, Windows NT 6.3; Trident/7.0; rv:11.0) like Gecko",305419896
64.128.143.70,Found,True,443,64.128.143.70,,/en_US/all.js,/submit.php,Mozilla/4.0 (compatible; MSIE 8.0; Windows NT 6.0; Trident/4.0),817512035
185.225.19.140,Found,True,443,185.225.19.140,CC,/c/msdownload/update/others/2020/10/29136388_,/c/msdownload/update/others/2020/10/28986731_,Windows-Update-Agent/10.0.10022.16384 Client-Protocol/1.40,0
52.61.83.2,Found,True,443,data-protection-testing.com,data-protection-testing.com,/safebrowse/dr/IrzUh12tRC1OhNknisAzj2nAjsLfKHGE7-0QOUqAJI7n2,/safebrowse/dr/SYDdk27dBE8xrXtvwcKjs2yxtcVoUQsO4,Mozilla/5.0 (Windows NT 6.1; WOW64; Trident/7.0; rv:11.0) like Gecko,1784301259
104.243.46.74,Found,True,443,104.243.46.74,,/IE9CompatViewList.xml,/submit.php,Mozilla/5.0 (compatible; MSIE 9.0; Windows NT 6.0; WOW64; Trident/5.0),0
78.128.113.14,Found,True,443,78.128.113.14,,/updates.rss,/submit.php,Mozilla/4.0 (compatible; MSIE 8.0; Windows NT 6.1),305419896
23.106.160.86,Found,True,443,23.106.160.86,raills.com,/us/ky/louisville/312-s-fourth-st.html,/OrderEntryService.asmx/AddOrderLine,"Mozilla/5.0 (Windows NT 6.1) AppleWebKit/537.36 (KHTML, like Gecko)",0
23.106.223.151,Found,True,443,foxreps.com,fangulf.com,/us/ky/louisville/312-s-fourth-st.html,/OrderEntryService.asmx/AddOrderLine,"Mozilla/5.0 (Windows NT 6.1) AppleWebKit/537.36 (KHTML, like Gecko)",0
185.193.36.73,Found,True,443,185.193.36.73,,/load,/submit.php,Mozilla/4.0 (compatible; MSIE 8.0; Windows NT 5.1; Trident/4.0; .NET4.0C; .NET4.0E),0
54.174.145.85,Found,True,443,d1yxgunqlbb2ab.cloudfront.net,seetoo.fayservicing.org,/s/ref=nb_sb_noss_1/167-3294888-0262949/field-keywords=books,/N4215/adj/amzn.us.sr.aps,Mozilla/5.0 (Windows NT 6.1; WOW64; Trident/7.0; rv:11.0) like Gecko,207596070
188.119.113.24,Found,True,443,188.119.113.24,,/visit.js,/submit.php,Mozilla/5.0 (compatible; MSIE 9.0; Windows NT 6.1; Win64; x64; Trident/5.0; MAAU; NP08),305419896
193.29.56.172,Found,True,443,192.243.102.171,jsquery.com,/jsquery-3.3.1.min.js,/jsquery-3.3.2.min.js,"Mozilla/5.0 (Windows NT 10.0; Win64; x64) AppleWebKit/537.36 (KHTML, like Gecko) Chrome/42.0.2311.135 Safari/537.36 Edge/12.246",123423511
23.106.160.86,Found,True,443,23.106.160.86,raills.com,/us/ky/louisville/312-s-fourth-st.html,/OrderEntryService.asmx/AddOrderLine,"Mozilla/5.0 (Windows NT 6.1) AppleWebKit/537.36 (KHTML, like Gecko)",0
95.217.197.85,Found,True,443,oomdatacollect.global.ssl.fastly.net,,/pixel.gif,/submit.php,Mozilla/4.0 (compatible; MSIE 7.0; Windows NT 5.1),0
23.106.160.161,Found,True,443,clubuz.com,clubuz.com,/us/ky/louisville/312-s-fourth-st.html,/OrderEntryService.asmx/AddOrderLine,"Mozilla/5.0 (Windows NT 6.1) AppleWebKit/537.36 (KHTML, like Gecko)",0
108.62.118.209,Found,True,443,simvp.com,simvp.com,/us/ky/louisville/312-s-fourth-st.html,/OrderEntryService.asmx/AddOrderLine,"Mozilla/5.0 (Windows NT 6.1) AppleWebKit/537.36 (KHTML, like Gecko)",0
100.24.56.227,Found,True,443,100.24.56.227,,/bing,/search,Mozilla/5.0 (compatible; MSIE 10.0; Windows NT 6.2; Win64; x64; Trident/6.0; MDDCJS),836116121
108.62.118.209,Found,True,443,simvp.com,simvp.com,/us/ky/louisville/312-s-fourth-st.html,/OrderEntryService.asmx/AddOrderLine,"Mozilla/5.0 (Windows NT 6.1) AppleWebKit/537.36 (KHTML, like Gecko)",0
173.234.155.184,Found,True,443,dealeva.com,dealeva.com,/CWoNaJLBo/VTNeWw11212/,/CWoNaJLBo/VTNeWw11213/,Mozilla/4.0 (compatible; MSIE 6.0;Windows NT 5.1),0
167.179.105.132,Found,True,443,www.sfhangkang.monster,CloudFlare Origin Certificate,/__utm.gif,/___utm.gif,Mozilla/5.0 (compatible; MSIE 9.0; Windows NT 6.1; Win64; x64; Trident/5.0; BOIE9;ENUS),16777216
18.180.199.201,Found,True,443,52.192.37.241,,/cx,/submit.php,Mozilla/5.0 (compatible; MSIE 9.0; Windows NT 6.1; WOW64; Trident/5.0; BOIE9;SVSE),305419896
185.153.196.130,Found,True,443,185.153.196.130,,/match,/submit.php,Mozilla/4.0 (compatible; MSIE 5.0; Windows NT; DigExt; DTS Agent,555758901
185.215.84.60,Found,True,443,s03mdn.net,msftncss.com,/telemetry/specifications,/telemetry/data,"Mozilla/5.0 (Windows NT 10.0; Win64; x64) AppleWebKit/537.36 (KHTML, like Gecko) Chrome/78.0.3904.108 Safari/537.36",955098644
99.79.101.225,Found,True,443,ajax.microsoft.com,Yolo,/c/msdownload/update/1930155_,/c/msdownload/update/1534335_,Windows-Update-Agent/10.0.10011.16384 Client-Protocol/1.40,1484168582
149.28.204.170,Found,True,443,us-system89.com,us-system89.com,/s/ref=nb_sb_noss_1/167-3294888-0262949/field-keywords=books,/N4215/adj/amzn.us.sr.aps,Mozilla/5.0 (Windows NT 6.1; WOW64; Trident/7.0; rv:11.0) like Gecko,276072048
209.222.101.153,Found,True,443,mixdir.com,mixdir.com,/us/ky/louisville/312-s-fourth-st.html,/OrderEntryService.asmx/AddOrderLine,"Mozilla/5.0 (Windows NT 6.1) AppleWebKit/537.36 (KHTML, like Gecko)",0
45.128.156.102,Found,True,443,mixdir.com,mixdir.com,/us/ky/louisville/312-s-fourth-st.html,/OrderEntryService.asmx/AddOrderLine,"Mozilla/5.0 (Windows NT 6.1) AppleWebKit/537.36 (KHTML, like Gecko)",0
3.137.139.119,Found,True,443,service.office247.tech,,/cx,/submit.php,Mozilla/5.0 (compatible; MSIE 9.0; Windows NT 6.1; WOW64; Trident/5.0; NP08; MAAU; NP08),305419896
167.99.197.196,Found,True,443,myredirector1.live,myteamserver.live,/c/msdownload/update/others/2020/10/29136388_,/c/msdownload/update/others/2020/10/28986731_,Mozilla/4.0 (compatible; MSIE 8.0; Windows NT 5.1; Trident/4.0),1556462172
52.229.22.93,Found,True,443,52.229.22.93,,/pixel.gif,/submit.php,Mozilla/5.0 (compatible; MSIE 9.0; Windows NT 6.1; WOW64; Trident/5.0; MATP; MATP),1380714076
104.238.205.115,Found,True,443,resfox.com,zeroflip.com,/us/ky/louisville/312-s-fourth-st.html,/OrderEntryService.asmx/AddOrderLine,"Mozilla/5.0 (Windows NT 6.1) AppleWebKit/537.36 (KHTML, like Gecko)",0
199.247.18.58,Found,True,443,199.247.18.58,,/pixel.gif,/submit.php,Mozilla/5.0 (compatible; MSIE 10.0; Windows NT 6.2; Win64; x64; Trident/6.0),0
198.44.97.179,Found,True,443,198.44.97.180,,/push,/submit.php,Mozilla/5.0 (compatible; MSIE 9.0; Windows NT 6.1; WOW64; Trident/5.0; BOIE9;ENGB),305419896
31.187.64.199,Found,True,443,d30qpb9e10re4o.cloudfront.net,10.0.0.2l4.xyz,/gen_204eiT6EX_r4F3fqwHI9boDg,/_/VisualFrontendUi/data/batchexecute,Mozilla/5.0 (Macintosh; Intel Mac OS X 15.0;) Gecko/20100101 Firefox/637.0,0
185.82.202.123,Found,True,443,185.82.202.123,,/j.ad,/submit.php,Mozilla/4.0 (compatible; MSIE 8.0; Windows NT 5.1; Trident/4.0; QQDownload 733; InfoPath.2),305419896
85.217.171.245,Found,True,443,85.217.171.245,,/ga.js,/submit.php,Mozilla/5.0 (compatible; MSIE 9.0; Windows NT 6.0; Trident/5.0),1
108.61.160.9,Found,True,443,108.61.160.9,*.google.com,/fwlink,/submit.php,Mozilla/5.0 (compatible; MSIE 9.0; Windows NT 6.1; Win64; x64; Trident/5.0; Avant Browser),1873433027
144.217.207.19,Found,True,443,144.217.207.19,,/g.pixel,/submit.php,Mozilla/5.0 (compatible; MSIE 9.0; Windows NT 6.1; Trident/5.0; BOIE9;ENUSMSCOM),305419896
173.234.25.78,Found,True,443,162.223.31.160,,/pixel.gif,/submit.php,Mozilla/4.0 (compatible; MSIE 7.0; Windows NT 6.0),0
192.243.102.171,Found,True,443,192.243.102.171,jsquery.com,/jsquery-3.3.1.min.js,/jsquery-3.3.2.min.js,"Mozilla/5.0 (Windows NT 10.0; Win64; x64) AppleWebKit/537.36 (KHTML, like Gecko) Chrome/42.0.2311.135 Safari/537.36 Edge/12.246",123423511
3.133.100.221,Found,True,443,3.133.100.221,,/dot.gif,/submit.php,Mozilla/4.0 (compatible; MSIE 7.0; Windows NT 5.1),1179788210
45.76.48.40,Found,True,443,45.76.48.40,,/g.pixel,/submit.php,Mozilla/5.0 (compatible; MSIE 10.0; Windows NT 6.2; Win64; x64; Trident/6.0; Avant Browser),1873433027
176.10.118.152,Found,True,443,176.10.118.152,youtude.ru,/watch,/ptracking,"Mozilla/5.0 (Windows NT 6.1) AppleWebKit/537.36 (KHTML, like Gecko)",188795730
188.119.113.24,Found,True,443,188.119.113.24,,/visit.js,/submit.php,Mozilla/5.0 (compatible; MSIE 9.0; Windows NT 6.1; Win64; x64; Trident/5.0; MAAU; NP08),305419896
35.224.238.142,Found,True,443,valvestrailer696.roman-indigo.com,valvestrailer696.roman-indigo.com,/s/ref=nb_sb_noss_1/167-3294888-0262949/field-keywords=books,/N4215/adj/amzn.us.sr.aps,Mozilla/5.0 (Windows NT 6.1; WOW64; Trident/7.0; rv:11.0) like Gecko,1475333777
198.44.97.181,Found,True,443,198.44.97.180,,/push,/submit.php,Mozilla/5.0 (compatible; MSIE 9.0; Windows NT 6.1; WOW64; Trident/5.0; BOIE9;ENGB),305419896
167.99.197.196,Found,True,443,myredirector1.live,myteamserver.live,/c/msdownload/update/others/2020/10/29136388_,/c/msdownload/update/others/2020/10/28986731_,Mozilla/4.0 (compatible; MSIE 8.0; Windows NT 5.1; Trident/4.0),1556462172
162.248.210.234,Found,True,443,wavetips.com,wavetips.com,/us/ky/louisville/312-s-fourth-st.html,/OrderEntryService.asmx/AddOrderLine,"Mozilla/5.0 (Windows NT 6.1) AppleWebKit/537.36 (KHTML, like Gecko)",0
176.121.14.251,Found,True,443,176.121.14.251,,/updates.rss,/submit.php,Mozilla/4.0 (compatible; MSIE 7.0; Windows NT 5.1; Trident/4.0; .NET CLR 2.0.50727; 360space),0
18.217.54.127,Found,True,443,3.21.164.42,,/updates.rss,/submit.php,Mozilla/4.0 (compatible; MSIE 8.0; Windows NT 5.1; Trident/4.0; InfoPath.2; .NET CLR 2.0.50727),1873433027
104.238.205.115,Found,True,443,resfox.com,zeroflip.com,/us/ky/louisville/312-s-fourth-st.html,/OrderEntryService.asmx/AddOrderLine,"Mozilla/5.0 (Windows NT 6.1) AppleWebKit/537.36 (KHTML, like Gecko)",0
209.222.98.45,Found,True,443,exrap.com,exrap.com,/us/ky/louisville/312-s-fourth-st.html,/OrderEntryService.asmx/AddOrderLine,"Mozilla/5.0 (Windows NT 6.1) AppleWebKit/537.36 (KHTML, like Gecko)",0
64.187.239.138,Found,True,443,ballom.com,ballom.com,/us/ky/louisville/312-s-fourth-st.html,/OrderEntryService.asmx/AddOrderLine,"Mozilla/5.0 (Windows NT 6.1) AppleWebKit/537.36 (KHTML, like Gecko)",0
185.232.52.137,Found,True,443,185.232.52.137,,/g.pixel,/submit.php,Mozilla/5.0 (compatible; MSIE 9.0; Windows NT 6.1; Win64; x64; Trident/5.0),16777216
209.222.98.45,Found,True,443,exrap.com,exrap.com,/us/ky/louisville/312-s-fourth-st.html,/OrderEntryService.asmx/AddOrderLine,"Mozilla/5.0 (Windows NT 6.1) AppleWebKit/537.36 (KHTML, like Gecko)",0
192.184.35.222,Found,True,443,exrap.com,exrap.com,/us/ky/louisville/312-s-fourth-st.html,/OrderEntryService.asmx/AddOrderLine,"Mozilla/5.0 (Windows NT 6.1) AppleWebKit/537.36 (KHTML, like Gecko)",0
173.234.25.77,Found,True,443,162.223.31.160,,/pixel.gif,/submit.php,Mozilla/4.0 (compatible; MSIE 7.0; Windows NT 6.0),0
206.189.223.152,Found,True,443,206.189.223.152,,/push,/submit.php,Mozilla/4.0 (compatible; MSIE 8.0; Windows NT 5.1; Trident/4.0; SV1),1782199611
18.217.54.127,Found,True,443,3.21.164.42,,/updates.rss,/submit.php,Mozilla/4.0 (compatible; MSIE 8.0; Windows NT 5.1; Trident/4.0; InfoPath.2; .NET CLR 2.0.50727),1873433027
193.27.14.247,Found,True,443,ap.availablenationwide.com,ap.availablenationwide.com,/jquery-ajaxSuccess.js,/jquery-before.js,Mozilla/5.0 (Windows NT 6.3; Trident/7.0; rv:11.0) like Gecko,1873433027
18.140.5.214,Found,True,443,b2.crazyshoppings.com,b2.crazyshoppings.com,/c/msdownload/update/others/2019/13/69508286_,/c/msdownload/update/others/2019/36/93260330_,Windows-Update-Agent/10.0.10011.16384 Client-Protocol/1.40,918658016
3.133.100.221,Found,True,443,3.133.100.221,,/dot.gif,/submit.php,Mozilla/4.0 (compatible; MSIE 7.0; Windows NT 5.1),1179788210
134.209.92.85,Found,True,443,134.209.92.85,,/s/ref=nb_sb_noss_1/167-3294888-0262949/field-keywords=books,/N4215/adj/amzn.us.sr.aps,Mozilla/5.0 (Windows NT 6.1; WOW64; Trident/7.0; rv:11.0) like Gecko,431177299
99.79.101.225,Found,True,443,ajax.microsoft.com,Yolo,/c/msdownload/update/1930155_,/c/msdownload/update/1534335_,Windows-Update-Agent/10.0.10011.16384 Client-Protocol/1.40,1484168582
185.244.150.151,Found,True,443,185.244.150.151,www.amazon.com,/s/ref=nb_sb_noss_1/167-7583947-58959383/field-keywords=books,/DF3f3/adj/amzn.us.sr.aps,Mozilla/5.0 (Windows NT 6.1; WOW64; Trident/7.0; rv:11.0) like Gecko,278852642
192.184.35.222,Found,True,443,exrap.com,exrap.com,/us/ky/louisville/312-s-fourth-st.html,/OrderEntryService.asmx/AddOrderLine,"Mozilla/5.0 (Windows NT 6.1) AppleWebKit/537.36 (KHTML, like Gecko)",0
100.24.56.227,Found,True,443,100.24.56.227,,/bing,/search,Mozilla/5.0 (compatible; MSIE 10.0; Windows NT 6.2; Win64; x64; Trident/6.0; MDDCJS),836116121
163.172.39.102,Found,True,443,163.172.39.102,,/index.jsp,/submit.jsp,"Mozilla/5.0 (Windows NT 6.1; Win64; x64) AppleWebKit/537.36 (KHTML, like Gecko) Chrome/83.0.4103.61 Safari/537.36",305419896
163.172.39.102,Found,True,443,163.172.39.102,,/index.jsp,/submit.jsp,"Mozilla/5.0 (Windows NT 6.1; Win64; x64) AppleWebKit/537.36 (KHTML, like Gecko) Chrome/83.0.4103.61 Safari/537.36",305419896
198.44.97.179,Found,True,443,198.44.97.180,,/push,/submit.php,Mozilla/5.0 (compatible; MSIE 9.0; Windows NT 6.1; WOW64; Trident/5.0; BOIE9;ENGB),305419896
52.89.33.58,Found,True,443,secure.mllnm.com,,/visit.js,/submit.php,Mozilla/4.0 (compatible; MSIE 7.0; Windows NT 6.0),774874666
104.243.41.123,Found,True,443,cuphq.com,,/visit.js,/submit.php,Mozilla/5.0 (compatible; MSIE 10.0; Windows NT 6.2; Win64; x64; Trident/6.0; Avant Browser),0
193.29.56.172,Found,True,443,192.243.102.171,jsquery.com,/jsquery-3.3.1.min.js,/jsquery-3.3.2.min.js,"Mozilla/5.0 (Windows NT 10.0; Win64; x64) AppleWebKit/537.36 (KHTML, like Gecko) Chrome/42.0.2311.135 Safari/537.36 Edge/12.246",123423511
95.217.197.85,Found,True,443,oomdatacollect.global.ssl.fastly.net,,/pixel.gif,/submit.php,Mozilla/4.0 (compatible; MSIE 7.0; Windows NT 5.1),0
54.144.48.52,Found,True,443,m24.yourintrinsichealth.com,syner.thel0singedge.com,/s/ref=nb_sb_noss_1/167-3294888-0262949/field-keywords=books,/N4215/adj/amzn.us.sr.aps,Mozilla/5.0 (Windows NT 6.1; WOW64; Trident/7.0; rv:11.0) like Gecko,1502747091
45.76.48.40,Found,True,443,45.76.48.40,,/g.pixel,/submit.php,Mozilla/5.0 (compatible; MSIE 10.0; Windows NT 6.2; Win64; x64; Trident/6.0; Avant Browser),1873433027
193.27.14.247,Found,True,443,ap.availablenationwide.com,ap.availablenationwide.com,/jquery-ajaxSuccess.js,/jquery-before.js,Mozilla/5.0 (Windows NT 6.3; Trident/7.0; rv:11.0) like Gecko,1873433027
74.118.138.144,Found,True,443,geotry.com,mdeny.com,/us/ky/louisville/312-s-fourth-st.html,/OrderEntryService.asmx/AddOrderLine,"Mozilla/5.0 (Windows NT 6.1) AppleWebKit/537.36 (KHTML, like Gecko)",0
85.217.171.245,Found,True,443,85.217.171.245,,/ga.js,/submit.php,Mozilla/5.0 (compatible; MSIE 9.0; Windows NT 6.0; Trident/5.0),1
34.222.203.112,Found,True,443,creditnetfinance.com,creditnetfinance.com,/rs-apps/assets/images/portfolio,/next-api/graphql,Mozilla/5.0 (Windows NT 6.1; WOW64; Trident/7.0; rv:11.0) like Gecko,958113880
104.131.210.108,Found,True,443,mobilecdnprod.azureedge.net,,/__utm.gif,/submit.php,Mozilla/5.0 (compatible; MSIE 9.0; Windows NT 6.1; WOW64; Trident/5.0),1596750723
199.247.18.58,Found,True,443,199.247.18.58,,/pixel.gif,/submit.php,Mozilla/5.0 (compatible; MSIE 10.0; Windows NT 6.2; Win64; x64; Trident/6.0),0
54.226.33.66,Found,True,443,cs.yourintrinsichealth.com,,/match,/submit.php,Mozilla/5.0 (compatible; MSIE 10.0; Windows NT 6.2; WOW64; Trident/6.0; MAARJS),726371378
23.106.160.133,Found,True,443,rollfx.com,rollfx.com,/us/ky/louisville/312-s-fourth-st.html,/OrderEntryService.asmx/AddOrderLine,"Mozilla/5.0 (Windows NT 6.1) AppleWebKit/537.36 (KHTML, like Gecko)",0
167.179.105.132,Found,True,443,www.sfhangkang.monster,CloudFlare Origin Certificate,/__utm.gif,/___utm.gif,Mozilla/5.0 (compatible; MSIE 9.0; Windows NT 6.1; Win64; x64; Trident/5.0; BOIE9;ENUS),16777216
54.144.48.52,Found,True,443,m24.yourintrinsichealth.com,syner.thel0singedge.com,/s/ref=nb_sb_noss_1/167-3294888-0262949/field-keywords=books,/N4215/adj/amzn.us.sr.aps,Mozilla/5.0 (Windows NT 6.1; WOW64; Trident/7.0; rv:11.0) like Gecko,1502747091
204.16.247.189,Found,True,443,foxreps.com,fangulf.com,/us/ky/louisville/312-s-fourth-st.html,/OrderEntryService.asmx/AddOrderLine,"Mozilla/5.0 (Windows NT 6.1) AppleWebKit/537.36 (KHTML, like Gecko)",0
34.203.235.59,Found,True,443,sitehealthcheck.org,,/oscp/,/oscp/a/,Microsoft-CryptoAPI/6.1,859655151
50.116.12.237,Found,True,443,fonts.stata.buzz,CloudFlare Origin Certificate,/common/template/tabLib.php,/modules/recaptcha.php,Mozilla/5.0 (Windows; U; MSIE 8.1; Windows NT 5.2) Firefox/68.0,305419896
95.217.197.78,Found,True,443,oomdatacollect.global.ssl.fastly.net,,/pixel.gif,/submit.php,Mozilla/4.0 (compatible; MSIE 7.0; Windows NT 5.1),0
185.215.84.60,Found,True,443,s03mdn.net,msftncss.com,/telemetry/specifications,/telemetry/data,"Mozilla/5.0 (Windows NT 10.0; Win64; x64) AppleWebKit/537.36 (KHTML, like Gecko) Chrome/78.0.3904.108 Safari/537.36",955098644
167.179.66.246,Found,True,443,a93.xyz,,/IE9CompatViewList.xml,/submit.php,Mozilla/4.0 (compatible; MSIE 8.0; Windows NT 6.1; WOW64; Trident/4.0; SLCC2; .NET CLR 2.0.50727),305419896
149.129.53.162,Found,True,443,sit.watchdog3.com,CC,/updates,/aircanada/dark.php,Mozilla/5.0 (Windows NT 6.1; rv:24.0) Gecko/20100101 Firefox/24.0,0
185.193.36.73,Found,True,443,185.193.36.73,,/load,/submit.php,Mozilla/4.0 (compatible; MSIE 8.0; Windows NT 5.1; Trident/4.0; .NET4.0C; .NET4.0E),0
173.208.194.90,Found,True,443,hotshoppingdeal.website,hotshoppingdeal.website,/safebrowsing/rd/CltOb12nLW1IbHehcmUtd2hUdmFzEBAY7-0KIOkUDC7h2,/safebrowsing/rd/CINnu27nLO8hbHdfgmUtc2ihdmFyEAcY4,Mozilla/5.0 (Windows NT 6.1; WOW64; Trident/7.0; rv:11.0) like Gecko,0
185.244.150.151,Found,True,443,185.244.150.151,www.amazon.com,/s/ref=nb_sb_noss_1/167-7583947-58959383/field-keywords=books,/DF3f3/adj/amzn.us.sr.aps,Mozilla/5.0 (Windows NT 6.1; WOW64; Trident/7.0; rv:11.0) like Gecko,278852642
185.156.172.56,Found,True,443,185.156.172.56,,/en_US/all.js,/submit.php,Mozilla/5.0 (compatible; MSIE 9.0; Windows NT 6.1; WOW64; Trident/5.0),0
52.90.168.168,Found,True,443,m24.yourintrinsichealth.com,syner.thel0singedge.com,/s/ref=nb_sb_noss_1/167-3294888-0262949/field-keywords=books,/N4215/adj/amzn.us.sr.aps,Mozilla/5.0 (Windows NT 6.1; WOW64; Trident/7.0; rv:11.0) like Gecko,1502747091
161.35.38.97,Found,True,443,jscript-cdn.azureedge.net,,/npm/fullpage.js@2.9.4/dist/jquery.fullpage.min.css,/sites/p/b93/googleanalytics/track,"Mozilla/5.0 (Windows NT 10.0; Win64; x64) AppleWebKit/537.36 (KHTML, like Gecko) Chrome/99.0.3396.99 Safari/537.36",188971025
